Job Title,Location,Job Type,Description
Senior Python Developer,Egypt,Full Time,"Full Time, Remote, Experienced, ·IT/Software Development"
Python Back End Developer - Outsourced,Prometeon tyres group – Egypt -,Full Time,"Full Time, Hybrid, Entry Level, ·IT/Software Development"
Middle FullStack (Python) Developer,Egypt,Full Time,"Full Time, On-site, Experienced, ·IT/Software Development"
Service Desk Engineer,Egypt,Full Time,"Full Time, On-site, Experienced, ·Installation/Maintenance/Repair"
Odoo Developer,Kian Egypt -,Full Time,"Full Time, On-site, Experienced, ·IT/Software Development"
Odoo Developer Senior/Med,Egypt,Full Time,"Full Time, On-site, Experienced, ·IT/Software Development"
Senior E-commerce Data Analyst,Egypt,Full Time,"Full Time, On-site, Experienced, ·Analyst/Research"
Middle Data Scientist,Egypt,Full Time,"Full Time, On-site, Experienced, ·IT/Software Development"
Artificial Intelligence & Programming Instructor (High School),Egypt,Full Time,"Full Time, Part Time, Hybrid, Experienced"
AI/ML Engineer — Computer Vision & Identity AI,Egypt,Full Time,"Full Time, Hybrid, Experienced, ·IT/Software Development"
Technical Manager / Lead,Egypt,Full Time,"Full Time, On-site, Senior Management, ·IT/Software Development"
Odoo and IT Systems Implementer \ Administrator,Egypt,Full Time,"Full Time, On-site, Experienced, ·IT/Software Development"
Full-Stack Engineer (Django & Next.js),Egypt,Full Time,"Full Time, Remote, Experienced, ·IT/Software Development"
Senior Full Stack Engineer,Egypt,Full Time,"Full Time, Remote, Experienced, ·IT/Software Development"
Senior Outsystems Developer,Egypt,Full Time,"Full Time, Hybrid, Experienced, ·IT/Software Development"
